"filename", "language", "XML", "YAML", "JSON with Comments", "JSON", "Markdown", "TypeScript", "Properties", "Dart", "HTML", "JavaScript JSX", "comment", "blank", "total"
"/Users/kafilcodes/Developer/App/nirmadapp/README.md", "Markdown", 0, 0, 0, 0, 59, 0, 0, 0, 0, 0, 0, 21, 80
"/Users/kafilcodes/Developer/App/nirmadapp/analysis_options.yaml", "YAML", 0, 3, 0, 0, 0, 0, 0, 0, 0, 0, 22, 4, 29
"/Users/kafilcodes/Developer/App/nirmadapp/android/app/google-services.json", "JSON", 0, 0, 0, 29, 0, 0, 0, 0, 0, 0, 0, 0, 29
"/Users/kafilcodes/Developer/App/nirmadapp/android/app/src/debug/AndroidManifest.xml", "XML", 3, 0, 0, 0, 0, 0, 0, 0, 0, 0, 4, 1, 8
"/Users/kafilcodes/Developer/App/nirmadapp/android/app/src/main/AndroidManifest.xml", "XML", 42, 0, 0, 0, 0, 0, 0, 0, 0, 0, 16, 1, 59
"/Users/kafilcodes/Developer/App/nirmadapp/android/app/src/main/res/drawable-night-v21/launch_background.xml", "XML", 9, 0, 0, 0, 0, 0, 0, 0, 0, 0, 0, 1, 10
"/Users/kafilcodes/Developer/App/nirmadapp/android/app/src/main/res/drawable-night/launch_background.xml", "XML", 9, 0, 0, 0, 0, 0, 0, 0, 0, 0, 0, 1, 10
"/Users/kafilcodes/Developer/App/nirmadapp/android/app/src/main/res/drawable-v21/launch_background.xml", "XML", 9, 0, 0, 0, 0, 0, 0, 0, 0, 0, 0, 1, 10
"/Users/kafilcodes/Developer/App/nirmadapp/android/app/src/main/res/drawable/launch_background.xml", "XML", 9, 0, 0, 0, 0, 0, 0, 0, 0, 0, 0, 1, 10
"/Users/kafilcodes/Developer/App/nirmadapp/android/app/src/main/res/mipmap-anydpi-v26/ic_launcher.xml", "XML", 6, 0, 0, 0, 0, 0, 0, 0, 0, 0, 0, 1, 7
"/Users/kafilcodes/Developer/App/nirmadapp/android/app/src/main/res/values-night-v31/styles.xml", "XML", 15, 0, 0, 0, 0, 0, 0, 0, 0, 0, 7, 1, 23
"/Users/kafilcodes/Developer/App/nirmadapp/android/app/src/main/res/values-night/styles.xml", "XML", 13, 0, 0, 0, 0, 0, 0, 0, 0, 0, 9, 1, 23
"/Users/kafilcodes/Developer/App/nirmadapp/android/app/src/main/res/values-v31/styles.xml", "XML", 15, 0, 0, 0, 0, 0, 0, 0, 0, 0, 7, 1, 23
"/Users/kafilcodes/Developer/App/nirmadapp/android/app/src/main/res/values/colors.xml", "XML", 4, 0, 0, 0, 0, 0, 0, 0, 0, 0, 0, 1, 5
"/Users/kafilcodes/Developer/App/nirmadapp/android/app/src/main/res/values/styles.xml", "XML", 13, 0, 0, 0, 0, 0, 0, 0, 0, 0, 9, 1, 23
"/Users/kafilcodes/Developer/App/nirmadapp/android/app/src/profile/AndroidManifest.xml", "XML", 3, 0, 0, 0, 0, 0, 0, 0, 0, 0, 4, 1, 8
"/Users/kafilcodes/Developer/App/nirmadapp/android/gradle.properties", "Properties", 0, 0, 0, 0, 0, 0, 3, 0, 0, 0, 0, 1, 4
"/Users/kafilcodes/Developer/App/nirmadapp/android/gradle/wrapper/gradle-wrapper.properties", "Properties", 0, 0, 0, 0, 0, 0, 5, 0, 0, 0, 0, 1, 6
"/Users/kafilcodes/Developer/App/nirmadapp/assets/404.svg", "XML", 1, 0, 0, 0, 0, 0, 0, 0, 0, 0, 0, 0, 1
"/Users/kafilcodes/Developer/App/nirmadapp/assets/bug_encountered.svg", "XML", 1, 0, 0, 0, 0, 0, 0, 0, 0, 0, 0, 0, 1
"/Users/kafilcodes/Developer/App/nirmadapp/assets/buildling.svg", "XML", 1, 0, 0, 0, 0, 0, 0, 0, 0, 0, 0, 0, 1
"/Users/kafilcodes/Developer/App/nirmadapp/assets/empty_dashboard.svg", "XML", 1, 0, 0, 0, 0, 0, 0, 0, 0, 0, 0, 0, 1
"/Users/kafilcodes/Developer/App/nirmadapp/assets/error.svg", "XML", 1, 0, 0, 0, 0, 0, 0, 0, 0, 0, 0, 0, 1
"/Users/kafilcodes/Developer/App/nirmadapp/assets/list_of_projects.svg", "XML", 1, 0, 0, 0, 0, 0, 0, 0, 0, 0, 0, 0, 1
"/Users/kafilcodes/Developer/App/nirmadapp/assets/login_page_graphics.svg", "XML", 1, 0, 0, 0, 0, 0, 0, 0, 0, 0, 0, 0, 1
"/Users/kafilcodes/Developer/App/nirmadapp/assets/login_page_graphics_2.svg", "XML", 1, 0, 0, 0, 0, 0, 0, 0, 0, 0, 0, 0, 1
"/Users/kafilcodes/Developer/App/nirmadapp/assets/no projects.svg", "XML", 1, 0, 0, 0, 0, 0, 0, 0, 0, 0, 0, 0, 1
"/Users/kafilcodes/Developer/App/nirmadapp/assets/no_projects.svg", "XML", 1, 0, 0, 0, 0, 0, 0, 0, 0, 0, 0, 0, 1
"/Users/kafilcodes/Developer/App/nirmadapp/assets/no_updates.svg", "XML", 1, 0, 0, 0, 0, 0, 0, 0, 0, 0, 0, 0, 1
"/Users/kafilcodes/Developer/App/nirmadapp/assets/search_projects.svg", "XML", 1, 0, 0, 0, 0, 0, 0, 0, 0, 0, 0, 0, 1
"/Users/kafilcodes/Developer/App/nirmadapp/assets/server_down.svg", "XML", 1, 0, 0, 0, 0, 0, 0, 0, 0, 0, 0, 0, 1
"/Users/kafilcodes/Developer/App/nirmadapp/assets/server_error.svg", "XML", 1, 0, 0, 0, 0, 0, 0, 0, 0, 0, 0, 0, 1
"/Users/kafilcodes/Developer/App/nirmadapp/assets/undraw_by-the-road_178b.svg", "XML", 1, 0, 0, 0, 0, 0, 0, 0, 0, 0, 0, 0, 1
"/Users/kafilcodes/Developer/App/nirmadapp/assets/undraw_city-life_l74x.svg", "XML", 1, 0, 0, 0, 0, 0, 0, 0, 0, 0, 0, 0, 1
"/Users/kafilcodes/Developer/App/nirmadapp/assets/undraw_grades_hqyk.svg", "XML", 1, 0, 0, 0, 0, 0, 0, 0, 0, 0, 0, 0, 1
"/Users/kafilcodes/Developer/App/nirmadapp/assets/unknown_error.svg", "XML", 1, 0, 0, 0, 0, 0, 0, 0, 0, 0, 0, 0, 1
"/Users/kafilcodes/Developer/App/nirmadapp/devtools_options.yaml", "YAML", 0, 3, 0, 0, 0, 0, 0, 0, 0, 0, 0, 1, 4
"/Users/kafilcodes/Developer/App/nirmadapp/firebase.json", "JSON", 0, 0, 0, 16, 0, 0, 0, 0, 0, 0, 0, 1, 17
"/Users/kafilcodes/Developer/App/nirmadapp/functions/README.CORS.md", "Markdown", 0, 0, 0, 0, 59, 0, 0, 0, 0, 0, 0, 17, 76
"/Users/kafilcodes/Developer/App/nirmadapp/functions/README.md", "Markdown", 0, 0, 0, 0, 10, 0, 0, 0, 0, 0, 0, 4, 14
"/Users/kafilcodes/Developer/App/nirmadapp/functions/package-lock.json", "JSON", 0, 0, 0, 9361, 0, 0, 0, 0, 0, 0, 0, 1, 9362
"/Users/kafilcodes/Developer/App/nirmadapp/functions/package.json", "JSON", 0, 0, 0, 29, 0, 0, 0, 0, 0, 0, 0, 1, 30
"/Users/kafilcodes/Developer/App/nirmadapp/functions/src/index.ts", "TypeScript", 0, 0, 0, 0, 0, 355, 0, 0, 0, 0, 22, 37, 414
"/Users/kafilcodes/Developer/App/nirmadapp/functions/tsconfig.json", "JSON with Comments", 0, 0, 13, 0, 0, 0, 0, 0, 0, 0, 0, 1, 14
"/Users/kafilcodes/Developer/App/nirmadapp/infra/README.md", "Markdown", 0, 0, 0, 0, 17, 0, 0, 0, 0, 0, 0, 5, 22
"/Users/kafilcodes/Developer/App/nirmadapp/infra/firestore.indexes.json", "JSON", 0, 0, 0, 46, 0, 0, 0, 0, 0, 0, 0, 0, 46
"/Users/kafilcodes/Developer/App/nirmadapp/infra/storage.cors.json", "JSON", 0, 0, 0, 24, 0, 0, 0, 0, 0, 0, 0, 1, 25
"/Users/kafilcodes/Developer/App/nirmadapp/infra/uiux-guidelines.md", "Markdown", 0, 0, 0, 0, 13, 0, 0, 0, 0, 0, 0, 4, 17
"/Users/kafilcodes/Developer/App/nirmadapp/lib/main.dart", "Dart", 0, 0, 0, 0, 0, 0, 0, 106, 0, 0, 15, 4, 125
"/Users/kafilcodes/Developer/App/nirmadapp/lib/src/core/bootstrap/bootstrap_prefetch.dart", "Dart", 0, 0, 0, 0, 0, 0, 0, 56, 0, 0, 9, 5, 70
"/Users/kafilcodes/Developer/App/nirmadapp/lib/src/core/cache/disk_cache.dart", "Dart", 0, 0, 0, 0, 0, 0, 0, 34, 0, 0, 3, 7, 44
"/Users/kafilcodes/Developer/App/nirmadapp/lib/src/core/cache/memory_cache.dart", "Dart", 0, 0, 0, 0, 0, 0, 0, 30, 0, 0, 2, 8, 40
"/Users/kafilcodes/Developer/App/nirmadapp/lib/src/core/i18n/locale_provider.dart", "Dart", 0, 0, 0, 0, 0, 0, 0, 3, 0, 0, 0, 2, 5
"/Users/kafilcodes/Developer/App/nirmadapp/lib/src/core/logging/app_logger.dart", "Dart", 0, 0, 0, 0, 0, 0, 0, 15, 0, 0, 1, 3, 19
"/Users/kafilcodes/Developer/App/nirmadapp/lib/src/core/prefs/shared_prefs.dart", "Dart", 0, 0, 0, 0, 0, 0, 0, 5, 0, 0, 2, 2, 9
"/Users/kafilcodes/Developer/App/nirmadapp/lib/src/core/providers/firebase_providers.dart", "Dart", 0, 0, 0, 0, 0, 0, 0, 18, 0, 0, 0, 6, 24
"/Users/kafilcodes/Developer/App/nirmadapp/lib/src/core/router/app_router.dart", "Dart", 0, 0, 0, 0, 0, 0, 0, 125, 0, 0, 9, 5, 139
"/Users/kafilcodes/Developer/App/nirmadapp/lib/src/core/theme/app_theme.dart", "Dart", 0, 0, 0, 0, 0, 0, 0, 232, 0, 0, 13, 5, 250
"/Users/kafilcodes/Developer/App/nirmadapp/lib/src/core/theme/theme_controller.dart", "Dart", 0, 0, 0, 0, 0, 0, 0, 38, 0, 0, 0, 8, 46
"/Users/kafilcodes/Developer/App/nirmadapp/lib/src/core/ui/animation_policies.dart", "Dart", 0, 0, 0, 0, 0, 0, 0, 28, 0, 0, 4, 5, 37
"/Users/kafilcodes/Developer/App/nirmadapp/lib/src/core/ui/responsive_policies.dart", "Dart", 0, 0, 0, 0, 0, 0, 0, 26, 0, 0, 1, 6, 33
"/Users/kafilcodes/Developer/App/nirmadapp/lib/src/core/ui/ux_helpers.dart", "Dart", 0, 0, 0, 0, 0, 0, 0, 11, 0, 0, 3, 4, 18
"/Users/kafilcodes/Developer/App/nirmadapp/lib/src/core/widgets/branding_footer.dart", "Dart", 0, 0, 0, 0, 0, 0, 0, 19, 0, 0, 0, 3, 22
"/Users/kafilcodes/Developer/App/nirmadapp/lib/src/core/widgets/offline_monitor.dart", "Dart", 0, 0, 0, 0, 0, 0, 0, 52, 0, 0, 5, 4, 61
"/Users/kafilcodes/Developer/App/nirmadapp/lib/src/data/auth/session_service.dart", "Dart", 0, 0, 0, 0, 0, 0, 0, 39, 0, 0, 3, 5, 47
"/Users/kafilcodes/Developer/App/nirmadapp/lib/src/data/firestore/firestore_dao.dart", "Dart", 0, 0, 0, 0, 0, 0, 0, 72, 0, 0, 5, 13, 90
"/Users/kafilcodes/Developer/App/nirmadapp/lib/src/data/firestore/query_spec.dart", "Dart", 0, 0, 0, 0, 0, 0, 0, 17, 0, 0, 0, 3, 20
"/Users/kafilcodes/Developer/App/nirmadapp/lib/src/features/admin/presentation/admin_theme.dart", "Dart", 0, 0, 0, 0, 0, 0, 0, 63, 0, 0, 1, 4, 68
"/Users/kafilcodes/Developer/App/nirmadapp/lib/src/features/admin/presentation/dev_admin_page.dart", "Dart", 0, 0, 0, 0, 0, 0, 0, 133, 0, 0, 0, 8, 141
"/Users/kafilcodes/Developer/App/nirmadapp/lib/src/features/admin/presentation/prod_admin_dashboard_page.dart", "Dart", 0, 0, 0, 0, 0, 0, 0, 1816, 0, 0, 36, 73, 1925
"/Users/kafilcodes/Developer/App/nirmadapp/lib/src/features/auth/data/auth_repository.dart", "Dart", 0, 0, 0, 0, 0, 0, 0, 281, 0, 0, 36, 26, 343
"/Users/kafilcodes/Developer/App/nirmadapp/lib/src/features/auth/domain/app_user.dart", "Dart", 0, 0, 0, 0, 0, 0, 0, 31, 0, 0, 0, 7, 38
"/Users/kafilcodes/Developer/App/nirmadapp/lib/src/features/auth/domain/app_user.freezed.dart", "Dart", 0, 0, 0, 0, 0, 0, 0, 257, 0, 0, 27, 29, 313
"/Users/kafilcodes/Developer/App/nirmadapp/lib/src/features/auth/domain/app_user.g.dart", "Dart", 0, 0, 0, 0, 0, 0, 0, 31, 0, 0, 4, 6, 41
"/Users/kafilcodes/Developer/App/nirmadapp/lib/src/features/auth/presentation/login_page.dart", "Dart", 0, 0, 0, 0, 0, 0, 0, 7, 0, 0, 1, 3, 11
"/Users/kafilcodes/Developer/App/nirmadapp/lib/src/features/auth/presentation/modern_login_page.dart", "Dart", 0, 0, 0, 0, 0, 0, 0, 604, 0, 0, 9, 31, 644
"/Users/kafilcodes/Developer/App/nirmadapp/lib/src/features/auth/presentation/onboarding_page.dart", "Dart", 0, 0, 0, 0, 0, 0, 0, 88, 0, 0, 3, 7, 98
"/Users/kafilcodes/Developer/App/nirmadapp/lib/src/features/dashboard/presentation/dashboard_wrapper_page.dart", "Dart", 0, 0, 0, 0, 0, 0, 0, 22, 0, 0, 0, 3, 25
"/Users/kafilcodes/Developer/App/nirmadapp/lib/src/features/dashboard/presentation/metrics_tiles.dart", "Dart", 0, 0, 0, 0, 0, 0, 0, 112, 0, 0, 4, 8, 124
"/Users/kafilcodes/Developer/App/nirmadapp/lib/src/features/dashboard/presentation/nodal_dashboard_list_page.dart", "Dart", 0, 0, 0, 0, 0, 0, 0, 509, 0, 0, 26, 18, 553
"/Users/kafilcodes/Developer/App/nirmadapp/lib/src/features/dashboard/presentation/nodal_dashboard_page.dart", "Dart", 0, 0, 0, 0, 0, 0, 0, 285, 0, 0, 16, 9, 310
"/Users/kafilcodes/Developer/App/nirmadapp/lib/src/features/dashboard/presentation/projects_charts.dart", "Dart", 0, 0, 0, 0, 0, 0, 0, 387, 0, 0, 16, 12, 415
"/Users/kafilcodes/Developer/App/nirmadapp/lib/src/features/dashboard/state/nodal_filters.dart", "Dart", 0, 0, 0, 0, 0, 0, 0, 0, 0, 0, 0, 1, 1
"/Users/kafilcodes/Developer/App/nirmadapp/lib/src/features/dashboard/state/projects_snapshot_provider.dart", "Dart", 0, 0, 0, 0, 0, 0, 0, 33, 0, 0, 5, 3, 41
"/Users/kafilcodes/Developer/App/nirmadapp/lib/src/features/landing/presentation/landing_page.dart", "Dart", 0, 0, 0, 0, 0, 0, 0, 83, 0, 0, 0, 6, 89
"/Users/kafilcodes/Developer/App/nirmadapp/lib/src/features/owner/presentation/owner_shell.dart", "Dart", 0, 0, 0, 0, 0, 0, 0, 3774, 0, 0, 163, 84, 4021
"/Users/kafilcodes/Developer/App/nirmadapp/lib/src/features/profile/presentation/profile_page.dart", "Dart", 0, 0, 0, 0, 0, 0, 0, 620, 0, 0, 37, 23, 680
"/Users/kafilcodes/Developer/App/nirmadapp/lib/src/features/projects/data/geo_providers.dart", "Dart", 0, 0, 0, 0, 0, 0, 0, 96, 0, 0, 8, 10, 114
"/Users/kafilcodes/Developer/App/nirmadapp/lib/src/features/projects/data/project_repository.dart", "Dart", 0, 0, 0, 0, 0, 0, 0, 180, 0, 0, 13, 25, 218
"/Users/kafilcodes/Developer/App/nirmadapp/lib/src/features/projects/domain/project.dart", "Dart", 0, 0, 0, 0, 0, 0, 0, 329, 0, 0, 14, 44, 387
"/Users/kafilcodes/Developer/App/nirmadapp/lib/src/features/projects/domain/project.freezed.dart", "Dart", 0, 0, 0, 0, 0, 0, 0, 2312, 0, 0, 173, 164, 2649
"/Users/kafilcodes/Developer/App/nirmadapp/lib/src/features/projects/domain/project_update.dart", "Dart", 0, 0, 0, 0, 0, 0, 0, 45, 0, 0, 1, 8, 54
"/Users/kafilcodes/Developer/App/nirmadapp/lib/src/features/projects/domain/project_update.freezed.dart", "Dart", 0, 0, 0, 0, 0, 0, 0, 281, 0, 0, 27, 26, 334
"/Users/kafilcodes/Developer/App/nirmadapp/lib/src/features/projects/presentation/phase_update_stepper_page.dart", "Dart", 0, 0, 0, 0, 0, 0, 0, 379, 0, 0, 12, 12, 403
"/Users/kafilcodes/Developer/App/nirmadapp/lib/src/features/projects/presentation/project_detail_page.dart", "Dart", 0, 0, 0, 0, 0, 0, 0, 1668, 0, 0, 55, 75, 1798
"/Users/kafilcodes/Developer/App/nirmadapp/lib/src/features/projects/presentation/project_edit_page.dart", "Dart", 0, 0, 0, 0, 0, 0, 0, 1848, 0, 0, 49, 72, 1969
"/Users/kafilcodes/Developer/App/nirmadapp/lib/src/features/projects/presentation/project_update_form_page.dart", "Dart", 0, 0, 0, 0, 0, 0, 0, 772, 0, 0, 27, 43, 842
"/Users/kafilcodes/Developer/App/nirmadapp/lib/src/features/updates/data/updates_repository.dart", "Dart", 0, 0, 0, 0, 0, 0, 0, 198, 0, 0, 4, 17, 219
"/Users/kafilcodes/Developer/App/nirmadapp/lib/src/features/updates/state/updates_stream_provider.dart", "Dart", 0, 0, 0, 0, 0, 0, 0, 55, 0, 0, 2, 7, 64
"/Users/kafilcodes/Developer/App/nirmadapp/lib/src/services/draft_media_store.dart", "Dart", 0, 0, 0, 0, 0, 0, 0, 175, 0, 0, 7, 14, 196
"/Users/kafilcodes/Developer/App/nirmadapp/lib/src/services/functions_service.dart", "Dart", 0, 0, 0, 0, 0, 0, 0, 88, 0, 0, 19, 13, 120
"/Users/kafilcodes/Developer/App/nirmadapp/lib/src/services/local_draft_service.dart", "Dart", 0, 0, 0, 0, 0, 0, 0, 27, 0, 0, 5, 8, 40
"/Users/kafilcodes/Developer/App/nirmadapp/lib/src/services/messaging_service.dart", "Dart", 0, 0, 0, 0, 0, 0, 0, 6, 0, 0, 2, 3, 11
"/Users/kafilcodes/Developer/App/nirmadapp/lib/src/services/notifications_service.dart", "Dart", 0, 0, 0, 0, 0, 0, 0, 9, 0, 0, 2, 3, 14
"/Users/kafilcodes/Developer/App/nirmadapp/lib/src/services/permission_service.dart", "Dart", 0, 0, 0, 0, 0, 0, 0, 59, 0, 0, 8, 4, 71
"/Users/kafilcodes/Developer/App/nirmadapp/lib/src/services/profile_draft_service.dart", "Dart", 0, 0, 0, 0, 0, 0, 0, 28, 0, 0, 1, 8, 37
"/Users/kafilcodes/Developer/App/nirmadapp/lib/src/services/storage_service.dart", "Dart", 0, 0, 0, 0, 0, 0, 0, 152, 0, 0, 12, 12, 176
"/Users/kafilcodes/Developer/App/nirmadapp/lib/src/shared/data/blocks_provider.dart", "Dart", 0, 0, 0, 0, 0, 0, 0, 72, 0, 0, 21, 8, 101
"/Users/kafilcodes/Developer/App/nirmadapp/lib/src/shared/data/local_gp_data.dart", "Dart", 0, 0, 0, 0, 0, 0, 0, 64, 0, 0, 4, 8, 76
"/Users/kafilcodes/Developer/App/nirmadapp/lib/src/shared/navigation/unsaved_changes_guard.dart", "Dart", 0, 0, 0, 0, 0, 0, 0, 18, 0, 0, 0, 6, 24
"/Users/kafilcodes/Developer/App/nirmadapp/lib/src/shared/ui/progress.dart", "Dart", 0, 0, 0, 0, 0, 0, 0, 27, 0, 0, 0, 3, 30
"/Users/kafilcodes/Developer/App/nirmadapp/lib/src/shared/ui/toast.dart", "Dart", 0, 0, 0, 0, 0, 0, 0, 23, 0, 0, 1, 2, 26
"/Users/kafilcodes/Developer/App/nirmadapp/lib/src/shared/utils/download_and_open_helper.dart", "Dart", 0, 0, 0, 0, 0, 0, 0, 31, 0, 0, 0, 2, 33
"/Users/kafilcodes/Developer/App/nirmadapp/lib/src/shared/utils/file_open_helper.dart", "Dart", 0, 0, 0, 0, 0, 0, 0, 35, 0, 0, 8, 3, 46
"/Users/kafilcodes/Developer/App/nirmadapp/lib/src/shared/widgets/app_shell.dart", "Dart", 0, 0, 0, 0, 0, 0, 0, 163, 0, 0, 8, 9, 180
"/Users/kafilcodes/Developer/App/nirmadapp/lib/src/shared/widgets/app_sidebar.dart", "Dart", 0, 0, 0, 0, 0, 0, 0, 381, 0, 0, 18, 17, 416
"/Users/kafilcodes/Developer/App/nirmadapp/lib/src/shared/widgets/attachment_button.dart", "Dart", 0, 0, 0, 0, 0, 0, 0, 81, 0, 0, 1, 10, 92
"/Users/kafilcodes/Developer/App/nirmadapp/lib/src/shared/widgets/date_form_field.dart", "Dart", 0, 0, 0, 0, 0, 0, 0, 89, 0, 0, 2, 7, 98
"/Users/kafilcodes/Developer/App/nirmadapp/lib/src/shared/widgets/download_button.dart", "Dart", 0, 0, 0, 0, 0, 0, 0, 97, 0, 0, 2, 7, 106
"/Users/kafilcodes/Developer/App/nirmadapp/lib/src/shared/widgets/illustrated_background.dart", "Dart", 0, 0, 0, 0, 0, 0, 0, 35, 0, 0, 0, 3, 38
"/Users/kafilcodes/Developer/App/nirmadapp/lib/src/shared/widgets/no_data.dart", "Dart", 0, 0, 0, 0, 0, 0, 0, 39, 0, 0, 0, 3, 42
"/Users/kafilcodes/Developer/App/nirmadapp/lib/src/shared/widgets/notifications_list.dart", "Dart", 0, 0, 0, 0, 0, 0, 0, 429, 0, 0, 20, 15, 464
"/Users/kafilcodes/Developer/App/nirmadapp/lib/src/shared/widgets/project_card.dart", "Dart", 0, 0, 0, 0, 0, 0, 0, 169, 0, 0, 3, 7, 179
"/Users/kafilcodes/Developer/App/nirmadapp/lib/src/utils/firebase/firebase_client.dart", "Dart", 0, 0, 0, 0, 0, 0, 0, 27, 0, 0, 7, 5, 39
"/Users/kafilcodes/Developer/App/nirmadapp/lib/src/utils/firebase_storage_bucket.dart", "Dart", 0, 0, 0, 0, 0, 0, 0, 15, 0, 0, 5, 2, 22
"/Users/kafilcodes/Developer/App/nirmadapp/lib/src/utils/geohash.dart", "Dart", 0, 0, 0, 0, 0, 0, 0, 38, 0, 0, 2, 3, 43
"/Users/kafilcodes/Developer/App/nirmadapp/lib/src/utils/image_utils.dart", "Dart", 0, 0, 0, 0, 0, 0, 0, 11, 0, 0, 0, 2, 13
"/Users/kafilcodes/Developer/App/nirmadapp/pubspec.yaml", "YAML", 0, 114, 0, 0, 0, 0, 0, 0, 0, 0, 73, 16, 203
"/Users/kafilcodes/Developer/App/nirmadapp/test/widget_test.dart", "Dart", 0, 0, 0, 0, 0, 0, 0, 29, 0, 0, 9, 5, 43
"/Users/kafilcodes/Developer/App/nirmadapp/web/firebase-messaging-sw.js", "JavaScript JSX", 0, 0, 0, 0, 0, 0, 0, 0, 0, 26, 22, 5, 53
"/Users/kafilcodes/Developer/App/nirmadapp/web/index.html", "HTML", 0, 0, 0, 0, 0, 0, 0, 0, 84, 0, 16, 19, 119
"/Users/kafilcodes/Developer/App/nirmadapp/web/manifest.json", "JSON", 0, 0, 0, 35, 0, 0, 0, 0, 0, 0, 0, 1, 36
"Total", "-", 168, 120, 13, 9540, 158, 355, 8, 20642, 84, 26, 1222, 1308, 33644